,loss,acc
0,1.1422016442934673,0.6935333333333333
1,0.40803212585449217,0.8820833333333333
2,0.3535798333009084,0.8966999999682108
3,0.3303262505372365,0.9041499999682109
4,0.3156270451784134,0.9080833333651225
5,0.3042858776887258,0.9119499999682109
6,0.29456467557748156,0.9151833333015442
7,0.2860912143309911,0.9173833333651225
8,0.2781580523490906,0.9199666666666667
9,0.2705135894298554,0.9221833333333334
